,DASS-21 Anx,STAI-T,BIS,RRQ,WBSI,OT,IUS-P,IUS-I,OCI-R,Checking,Hoarding,Obsessing,Ordering,Neutralizing,Washing,SES
count,34.0,34.0,34.0,34.0,34.0,34.0,34.0,34.0,34.0,34.0,34.0,34.0,34.0,34.0,34.0,34.0
mean,1.8235294117647058,2.26764705882353,3.046764705882352,3.6005882352941176,3.5220588235294112,2.988235294117647,3.251470588235294,2.494117647058824,2.243823529411765,2.7158823529411764,2.0094117647058822,2.646470588235294,2.7752941176470594,1.5776470588235294,1.7341176470588235,2.911764705882353
std,0.5462371687859403,0.4712784599462076,0.5420540093197428,0.9436099000613343,0.8951782602627584,1.1867359630470902,0.6984100226334063,0.7223451607052517,0.6101664686211379,1.102493366013323,0.8223614967716747,1.1128230068448801,1.335769521251231,0.6727422795454862,0.6073894344929699,0.6059126379084558
min,1.14,1.4,1.57,1.75,1.53,1.0,1.71,1.0,1.11,1.0,1.0,1.0,1.0,1.0,1.0,1.5
25%,1.325,1.9249999999999998,2.71,3.0,3.07,2.2,2.895,2.0,1.7925,2.0,1.33,2.0,1.67,1.0,1.33,2.6
50%,1.7850000000000001,2.2,3.0700000000000003,3.875,3.635,2.7,3.215,2.6,2.25,2.5,2.0,2.33,2.67,1.33,1.67,2.95
75%,2.29,2.55,3.43,4.33,4.185,3.9,3.57,3.0,2.5825,3.585,2.33,3.33,3.67,1.9175,2.0,3.275
max,2.86,3.45,4.0,4.92,4.87,5.8,4.57,3.8,3.67,5.0,4.33,5.0,5.0,3.33,3.33,3.9
